Recurso;XP/unidad
Globo azul;0,025
Feromona de tofu;0,025
Insignia de maliciano;0,025
Nuez kabombz;0,025
Grasa de larva kabombz;0,025
Pétalo de giraleón;0,025
Penacho condimentado de mortiplumas;0,025
Trigo;0,03
Madera de fresno;0,03
Hierro;0,03
Ortiga;0,03
Gobio;0,03
Polvos mágicos;0,0372
Bamga;0,04
Baba de jalató;0,041
Pluma quimérica;0,0424
Fuego interno;0,0424
Huevo quimérico;0,0424
Pétalo diáfano;0,0427
Cenizas eternas;0,0428
Carne intangible;0,0428
Piel de goota;0,0429
Lana celeste;0,0435
Cola de miaufián;0,0444
Volva de amenita;0,0452
Reliquia de Incarnam;0,0453
Agua potable;0,0467
Cebada;0,05
Salvia;0,05
Cobre;0,05
Madera de castaño;0,05
Runa Fu;0,05
Runa Inte;0,05
Runa Vi;0,05
Runa Agi;0,05
Runa Sue;0,05
Trucha;0,05
Carne picada;0,0526
Cofre maldito del Flib;0,0538
Hueso de chafer;0,0549
Limón;0,0556
Pico de tofu;0,0586
Intestino de araknáusea;0,0586
Pelos de arakna enferma;0,0586
Ojo de arakmutada;0,0586
Pluma de pío azul;0,0586
Pluma de pío verde;0,0586
Hoja de enchalada;0,0588
Pluma de pío violeta;0,0593
Pluma de pío amarillo;0,0593
Pluma de pío rosa;0,0597
Cangrejo surimi;0,06
Pluma de pío rojo;0,0605
Fragmento de anomalía;0,0626
Pétalo de rosa demoníaca;0,0667
Trébol de 5 hojas;0,07
Bronce;0,07
Madera de nogal;0,07
Avena;0,07
Pez gatito;0,07
Almejillón;0,07
Madera de pino;0,07
Semilla de girasol;0,0716
Lengua de espanterrador;0,0716
Toalla de playa;0,0716
Flor del diente de león diabólico;0,0727
Pata de arakna;0,074
Semilla de adormidera;0,0749
Ala de moskito;0,0749
Piel de larva azul;0,0749
Piel de larva naranja;0,0749
Piel de larva verde;0,0749
Espina de champi champ;0,0749
Piel de larva amarilla;0,0749
Pétalo de girasol salvaje;0,0749
Lana de jalató;0,0753
Corazón de Bworkcelana;0,0794
Carne manida;0,0825
Pescado empanado;0,09
Pétalo de rosa oscura;0,0952
Aletas de competición;0,0963
Fluido glacial;0,0963
Caracola marina;0,0963
Bronceador;0,0963
Lana de ramán strubiense;0,097
Cuerno de jalatín;0,0996
Menta salvaje;0,1
Lúpulo;0,1
Kobalto;0,1
Madera de roble;0,1
Carpa de Iem;0,1
Runa Pod;0,1
Runa Ini;0,1
Colmillo de jabalí;0,1015
Cuero de jalató negro;0,104
Ala de tofu maléfico;0,1046
Lana de jalatín negro;0,1091
Sardina brillante;0,11
Madera de bombú;0,11
Polvos jóvenes;0,1102
Cenizas jóvenes;0,1102
Charco joven;0,1102
Humo joven;0,1102
Cuero de miserata strubiense;0,1109
Bellota;0,1109
Avellana;0,1109
Pincho de prespic;0,1109
Pelos de minilubo;0,1109
Colmillos de ratas;0,1109
Ojo de pinchóguiz;0,1109
Guante de sherpóguiz;0,1109
Oreja de gremóguiz;0,1109
Casco de martóguiz;0,1109
Cacho de blop coco;0,1158
Cacho de blop reineta;0,1158
Cacho de blop guinda;0,1158
Cacho de blop índigo;0,1158
Lodo de boo;0,1159
Colmillo vampiresco;0,1165
Lino;0,12
Manganeso;0,12
Madera de arce;0,12
Orquídea freyesca;0,12
Lucio;0,12
Sangre de vampiro;0,1226
Lana de jefe de guerra jalató;0,1244
Marca de novato;0,1252
Levadura de panadero;0,126
Carne adulterada;0,1326
Lodo joven;0,1339
Kralamar;0,14
Madera de olivioleta;0,14
Hueso invisible de chafer invisible;0,1435
Alas de escarahoja blanco;0,1495
Alas de escarahoja rojo;0,1495
Estaño;0,15
Madera de tejo;0,15
Centeno;0,15
Edelweiss;0,15
Arroz;0,15
Silicato;0,15
Anguila;0,15
Ojo de kwoan;0,1554
Madera de bambú;0,16
Dorada exploradora;0,16
Castaña de cajú;0,1611
Cuero de gárgrola;0,1618
Cuero de boostacho prepuberto;0,1618
Cuero de cochinillo;0,1655
Plata;0,17
Malta;0,17
Madera de cerezo silvestre;0,17
Perca;0,17
Semilla de pandoja;0,17
Pluma de tofu;0,176
Huevo de tofu;0,176
Diente de tofu mutante;0,176
Cuero de stropajo;0,176
Diente de gárglifo;0,176
Pata de tofukaz;0,176
Ojo de tofu negro;0,176
Antenas de vilinsekto;0,176
Estómago de stropajo;0,1795
Hilo de lino;0,18
Costilletas de Rib;0,1826
Pata de arakna mayor;0,1845
Raya azul;0,19
Madera de avellano;0,19
Cáñamo;0,2
Bauxita;0,2
Madera de ébano;0,2
Runa Pot;0,2
Runa Por Tram;0,2
Runa Re Fuego;0,2
Runa Re Aire;0,2
Runa Re Agua;0,2
Runa Re Tierra;0,2
Runa Re Neutral;0,2
Runa Re Emp;0,2
Runa Re Cri;0,2
Ginseng;0,2
Rape;0,2
Laminilla de champo azul;0,202
Laminilla de champo marrón;0,202
Laminilla de champo rojo;0,202
Laminilla de champo verde;0,202
Tambor de gobsalía;0,2058
Catalejo de gobletrotter;0,2058
Pico de pica de gobobo;0,2058
Hueso roído de gobloso;0,2058
Gorro de gobalista;0,2058
Madera de tronkónido;0,2062
Semilla de la discordia;0,207
Carne industrial;0,2078
Tripas de raribívoro;0,2087
Tiburón martillhoz;0,21
Madera de kalipto;0,21
Alas de escarahoja azul;0,2136
Alas de escarahoja verde;0,2136
Espejo dopeul;0,2138
Oro;0,22
Madera de carpe;0,22
Lubina Mericana;0,22
Belladona;0,22
Maíz;0,22
Alas de escarahoja negro;0,2214
Papel carbón;0,2225
Runa Bu Fu;0,2249
Runa Bu Inte;0,2249
Runa Bu Vi;0,2249
Runa Bu Agi;0,2249
Runa Bu Sue;0,2249
Calzoncillos de bwork arquero;0,2293
Coral kuraçao;0,2358
Coral malibut;0,2358
Coral passaoh;0,2358
Coral mohito;0,2358
Pluma grasienta de tofu gordinflón;0,2388
Madera de bambú oscuro;0,24
Bacaladilla;0,24
Bolsa sospechosa;0,2427
Bulbo de kuraçao;0,2446
Bulbo de malibut;0,2446
Bulbo de passaoh;0,2446
Bulbo de mohito;0,2446
Sello real falso;0,2446
Pelos de la barba de bwork mago;0,2475
Hocico de jabalí de las llanuras;0,2485
Rama de pekewabbit hambriento;0,2485
Madera de olmo;0,25
Dolomita;0,25
Mandrágora;0,25
Mijo;0,25
Tenca;0,25
Pelos de ratón;0,2505
Zarza efedriana;0,2505
Hueso sorpresa de chafer infante;0,2527
Pico de kwak de hielo;0,2537
Pico de kwak de llamas;0,2537
Pico de kwak de viento;0,2537
Pluma de kwak de hielo;0,2537
Pluma de kwak de llamas;0,2537
Pluma de kwak de viento;0,2537
Pluma de kwak de tierra;0,2537
Pico de kwak de tierra;0,2537
Garras de kwak;0,2537
Coxis de coralador;0,2537
Cápsula explosiva;0,2539
Madera de bambú sagrado;0,26
Pez espada;0,26
Cadenas rotas;0,2604
Diente de larva zafiro;0,263
Bigotes de pekewabbit;0,263
Cráneo de Chadalid;0,2631
Semillas de sésamo;0,2664
Gelatina de Aciano;0,2668
Campanilla de invierno;0,27
Inverluza;0,27
Madera de álamo temblón;0,27
Frostizz;0,27
Obsidiana;0,27
Pañuelo de black pekewabbit;0,2725
Pinza de cangrejo;0,2725
Misericordia de chafer de élite;0,2725
Calzoncillo de cuero de chafer lancero;0,2725
Diente de cocodrail;0,2725
Cuero de puerkazo;0,2725
Flecha de chafer arquero;0,2725
Tridente roto;0,2725
Ojo de raúl mops;0,2725
Tatuaje de chico malo;0,2725
Reliquia de familia;0,2725
Párpado de estrella;0,2725
Sudor frío de fantasma;0,2725
Partitura antigua;0,2725
Pelo de abrakno;0,2725
Ámbar;0,2778
Diente de larva esmeralda;0,2821
Frasco de gelatina de limón;0,2827
Frasco de gelatina de menta;0,284
Raíz de abráknido;0,2907
Pata de wabbit;0,292
Nuez de pacana;0,2986
Mandíbula de chafer draugr;0,2998
Enorme Plomo;0,3005
Diente de larva rubí;0,3021
Raíz de tronkoblop;0,3022
Kokopaja;0,3036
Frasco de gelatina de fresa;0,305
Carne tierna;0,3098
Tronco de kokoko;0,3125
Nuez de gorkoko traumatizada;0,3125
Caparazón verde;0,3125
Caparazón rojo;0,3125
Caparazón amarillo;0,3125
Caparazón azul;0,3125
Rodaja de nozdekoko;0,3125
Hoja de pekekoko;0,3125
Pluma de thorondeoro;0,3125
Cuerno de bufalento;0,3125
Garra de pesadoso;0,3125
Colmillo de trankilobo;0,3125
Pata de black wabbit;0,3191
Flor de blopiseta;0,3222
Pata de pewsiwevo;0,326
Hombrera de bwork;0,3276
Diente de larva dorada;0,3298
Ojo biónico;0,337
Hueso de wabbit esqueleto;0,3408
Haiku del dragón: Resolución;0,3415
Haiku del dragón: Pasión;0,3415
Envoltorio sospechoso;0,3482
Piel pachucha;0,3543
Diente de waddicto;0,3596
Ceja de moskito;0,3635
Piel de ramán de alcantarilla;0,3713
Pañuelo de black wabbit esqueleto;0,3713
Piel de timongosta;0,3734
Tendón de wabbinómano;0,3831
Gratrool industrial;0,3842
Piel de Mob Lasponja;0,3913
Pelos de barba de awelito wabbit;0,3952
Ala de zumbobo;0,3952
Piel de culebrón;0,3952
Cadena de robot mangual;0,3952
Casco dañado;0,3952
Cola de rata hyoactiva;0,3952
Oreja de guerrero mental;0,3952
Baba de rosa demoníaca;0,3981
Estómago de wabbit wodo;0,404
Ratón verde;0,404
Bisagra rota;0,404
Diente de larva campestre;0,404
Garra de robionicle;0,404
Piedra de crujidor;0,4098
Flor de bloponcio;0,4263
Algodón ancestral;0,4282
Hierba loca;0,4282
Fresa;0,4293
Mantillo;0,4339
Pata de arakna mágica;0,443
Colmillo de goblin;0,4436
Muñeca bodú Fipi;0,4456
Muñeca Bodú Jav;0,4456
Muñeca Bodú Cerbat;0,4456
Muñeca bodú arquero;0,4456
Pelo de rata de alcantarilla;0,4456
Muñeca bodú bortam;0,4456
Hilo de seda;0,4458
Hoja de girasol salvaje;0,4458
Carne corrompida;0,4459
Esporma de champi champ;0,4478
Madera carcomida;0,4478
Runa Sa;0,45
Runa Bu Pod;0,45
Runa Bu Ini;0,45
Runa Prospe;0,45
Ferrita;0,45
Tabla de aglomerado;0,45
Lata de vetorano;0,4534
Aguas tranquilas;0,4546
Casco de chafer primitivo;0,4628
Ojo de crujíclope;0,4714
Espina de dragopavo;0,4796
Sangre de jalató;0,4866
Llama espectral;0,4921
Encía con Raices del Flib;0,4936
Sílex;0,4989
Escama pegajosa;0,5073
Fular de sparo;0,5078
Semillas de calawaza maldita;0,525
Llave de la cripta de Chadalid;0,5254
Piel de koalak inmaduro;0,5344
Camiseta de barbrusa;0,5344
Sangre de kido;0,535
Nujo muerto;0,5418
Fragmento de piedra afilada;0,5431
Fragmento de piedra pulida;0,5494
Patita de colmillo blando;0,5494
Piedra de diamante;0,55
Seta;0,5646
Pluma de crowrajo;0,5646
Semilla de scorbuto;0,5646
Diente de dragopavo;0,5646
Mostacho de kólerat;0,5646
Morros de mata;0,5646
Oreja de fuxfaigter;0,5646
Mano de boo;0,5646
Cola de dragopavo salvaje;0,5646
Lana de jalatranki;0,5648
Hoja de rosa oscura;0,5742
Pelo de vetorano;0,578
Crin de miserata strubiense;0,582
Líquido vampiresco;0,5837
Tejido de jabalí;0,6085
Ámbar de abráknido oscuro;0,6185
Cuero de Jalató Real;0,6194
Escama de jefe cocodrail;0,6263
Cáscara de dragohuevo arcilloso;0,6279
Cáscara de dragohuevo carbonoso;0,6279
Cáscara de dragohuevo pizarroso;0,6279
Uña de kanugro;0,6279
Piel de dragohuevo alabastrado;0,6279
Ficha del gatsino de las zurcapulgas;0,63
Carne rancia;0,6431
Carbón;0,6562
Pico de dragopavo dorado;0,6585
Tejido de ardillóxido;0,6651
Pelos de Darit;0,6651
Pata de arakna de alcantarilla;0,6651
Ojo de ramán strubiense;0,6651
Rodaja de milirrata strubiense;0,6651
Cabellera de minilubo;0,6666
Runa Su Fu;0,6749
Runa Su Inte;0,6749
Runa Su Vi;0,6749
Runa Su Agi;0,6749
Runa Su Sue;0,6749
Runa Ta Inte;0,6749
Runa Buta Inte;0,6749
Runa Suta Inte;0,6749
Runa Ta Fu;0,6749
Runa Buta Fu;0,6749
Runa Suta Fu;0,6749
Runa Ta Agi;0,6749
Runa Buta Agi;0,6749
Runa Suta Agi;0,6749
Runa Ta Sue;0,6749
Runa Buta Sue;0,6749
Runa Suta Sue;0,6749
Runa Ta Vi;0,6749
Runa Buta Vi;0,6749
Runa Suta Vi;0,6749
Tejido invisible;0,6823
Corazón de lodo de boo;0,692
Pétalo mágico de Girasol Hambriento;0,6923
Tela de Dok Alako;0,7114
Piedra medicinal;0,7114
Cáscara de dragohuevo calizo;0,7168
Pluma de tofu maléfico;0,7582
Vela de minero oscuro;0,7627
Lodo novato;0,7852
Polvos novatos;0,7852
Charco novato;0,7852
Humo novato;0,7852
Casco roto de chafer;0,7879
Runa Hui;0,8
Runa Pla;0,8
Piedra de esmeralda;0,8016
Piedra de granito;0,8085
Bumerán de warko marrón;0,823
Carne sanguinolenta;0,8342
Estómago de black wabbit wodo;0,8414
Pelo de wobot hambriento;0,8414
Casco de wobot;0,8414
Bastón de awelito wabbit blanco;0,8414
Gafas de pekewobot;0,8414
Ojo de yenaparda;0,8414
Raíz de abráknido oscuro;0,8441
Raíz de abráknido venerable;0,8625
Bola de bolapincho;0,8625
Escamas de uróbolo;0,8625
Cola de escordión bleu;0,8625
Cola de fénex;0,8625
Runa Bu Por Tram;0,9
Runa Bu Pot;0,9
Runa Bu Re Emp;0,9
Runa Bu Re Cri;0,9
Runa Bu Re Aire;0,9
Runa Bu Re Agua;0,9
Runa Bu Re Fuego;0,9
Runa Bu Re Neutral;0,9
Runa Bu Re Tierra;0,9
Runa Buta Re Emp;0,9
Hueso de trool;0,915
Pinza de cangrabino;0,9261
Máscara de araknotrón rota;0,9261
Alas de Escarajefe Dorado;0,9459
Boostoplasma;0,9459
Pluma de heladíkano;0,9505
Cenizas novatas;0,957
Pelos de koalak guinda;0,9687
Pelos de koalak coco;0,9687
Pelos de koalak reineta;0,9687
Pelos de koalak índigo;0,9687
Hueso de pekewalak;0,9687
Piel de Piralak;0,9687
Pelos de koalak forestal;0,9687
Diente de kwoan;0,9739
Cola de boostacho prepuberto;0,9739
Lengua de gárgrola;0,9739
Pelo de miaumiaumialvaje;0,9762
Columna vertebral;0,9792
Murciélago;0,9982
Pepita;1
Tejido de rata kekomepoko;1,0033
Cuerno de jalatranki;1,012
Rueda de pequeciclo;1,0123
Brote de piroliena;1,0123
Bomba de orondo;1,0123
Tejido púrpura;1,0123
Vendas;1,0123
Cuchillo de alfilo;1,0123
Oreja de medibwork;1,0123
Bota agujereada de megabwork;1,0123
Piel de komanbwork;1,0123
Pluma de Batofu;1,0294
Pata de Blatarata;1,0294
Champiñón Luidchi;1,0366
Corteza de abrakno oscuro;1,0389
Quelíceros de arápex;1,0389
Lana de arapúas;1,0389
Diente de gargántula;1,0389
Hilo de nacilandera;1,0389
Ojo de araquesalta;1,0389
Haiku del dragón: Destrucción;1,0437
Haiku del dragón: Creación;1,0437
Cera de balí mejorada;1,0502
Piel de krameleón;1,0543
Capullo de gusano de seda;1,0639
Calzoncillo ajustado de cuero de gárglifo;1,0639
Tejido oscuro;1,0639
Cráneo de chafer;1,0639
Estómago de tofu gordinflón;1,0639
Rodaja de madera;1,0639
Estómago de tofukaz;1,0639
Huevo podrido;1,0639
Plumón de tofona;1,0639
Cuero de cerdo serrano;1,067
Mandíbula de Rib;1,0726
Aceite de girasol salvaje;1,0747
Manual del director Grunob;1,0937
Flor de zampávoro;1,0937
Hoja de mazorral;1,0937
Pluma de dodoncella;1,0937
Pluma de dodostrogodo;1,0937
Kosakepega muerto;1,0937
Calzón mono de pirata;1,1025
Ron de Calidad;1,1025
Bala de cañón dorf;1,1025
Pañuelo de notyebra;1,1025
Navaja oxidada;1,1025
Carne podrida;1,1025
Zanahowia;1,1055
Cola de milubo;1,121
Agua ferruginosa;1,151
Vísceras de escarahoja;1,1977
Aceite de sésamo;1,1992
Aluminita;1,2
Tabla de contrachapado;1,2
Cuerpo de estafermo;1,2
Aceite de frostizz;1,215
Cejas de tronkónido;1,2263
Pata de buldogro;1,2363
Runa Da Reen;1,25
Runa Da Tram;1,25
Runa de caza;1,25
Runa Da Emp;1,25
Runa Da Cri;1,25
Runa Da Tierra;1,25
Runa Da Fuego;1,25
Runa Da Agua;1,25
Runa Da Aire;1,25
Runa Da Neutral;1,25
Piel de drakoalak;1,2616
Pluma de gobvio;1,2616
Fémur del chafer Rōnin;1,2883
Hueso de mamá koalak;1,2966
Ficha del gatsino de los micholobos;1,305
Diente de yavefija;1,3229
Pico de tofuito feo;1,3312
Yema de huevo de cascasaurio;1,3392
Cerradura del cofre de los herreros;1,3392
Pelo de Capsálocke;1,3404
Pústula de ratarmonía;1,3404
Short de capoeirrata;1,3404
Pelos de milubonoke;1,3494
Canino de abuelubo;1,3494
Garra de milubándalo;1,3494
Ojo de cerdolubo;1,3494
Cáscara de dragoss proteiforme;1,3494
Escama de dragoss carbonoso;1,3494
Escama de dragoss pizarroso;1,3494
Escama de dragoss calizo;1,3494
Escama de dragoss arcilloso;1,3494
Oreja de rinoferoz;1,3494
Runa Su Pod;1,35
Runa Su Ini;1,35
Runa Ta Ini;1,35
Runa Buta Ini;1,35
Runa Suta Ini;1,35
Runa Ta Pod;1,35
Runa Buta Pod;1,35
Runa Suta Pod;1,35
Cabellera de bwork arquero;1,3824
Piel de Bworka;1,3888
Pinza de crustoral;1,3975
Piedra macilladera azul impura;1,4006
Saco de patatas claro;1,4009
Saco de patatas oscuro;1,4009
Llave de la Mazmorra de los Campos;1,4059
Carne exudante;1,4221
Baba de stropajo;1,4434
Piedra macilladera amarilla impura;1,4482
Piedra macilladera verde impura;1,4521
Pieza del puzle de la Garra;1,4535
Pieza del tesoro del Badulo;1,4535
Pajita vampiresca;1,4535
Pétalo kuraçao;1,4535
Pétalo malibut;1,4535
Pétalo passaoh;1,4535
Pétalo mohito;1,4535
Cuerda de sacurador;1,4583
Lengua de mimicofre;1,4583
Antena de antesoro;1,4583
Cuerno de berserkofre;1,4583
Bigote atesorado;1,4583
Leche de cochinillo;1,4608
Caparazón de escarato;1,4669
Plumaje de tofuzmo;1,4669
Pluma de bebedor;1,47
Pluma de cuerbok domesticado;1,47
Lanzapiedras de perverrata;1,4765
Lanza de chikarrata;1,4765
Obra mágica de aloeverrata;1,4765
Collar de chacrata;1,4765
Libro de bwork mago;1,48
Cuero de deminobola;1,483
Vendas de mominotauro;1,483
Cenizas de tofulminante;1,483
Pelo de zorrowapo;1,4969
Cola de jabalí de las llanuras;1,5
Arakna Mayor Muerta;1,5
Bigote de mufafah;1,5
Lengua de pekewabbit hambriento;1,5
Pluma de tofudriza;1,5082
Gusano de tierra;1,5149
Gusano de agua;1,5149
Gusano de fuego;1,5149
Gusano de aire;1,5149
Coral desgastado;1,5149
Pluma de trasero de kido;1,5287
Diente de lodostropajo;1,5287
Pata de cuerbok;1,5307
Diente de wabbit;1,5595
Orejas de pekewabbit;1,5625
Piel de Shin Larva;1,5625
Coxis Magistral;1,5625
Pluma de Kwoknan;1,5625
Piel de larva zafiro;1,5625
Robo para tontos;1,5625
Esencia de Chadalid;1,5789
Pata de tofuluche;1,585
Zamparrón;1,5909
Capullo de mazorral;1,5909
Fragmento de cerebro pulío;1,6035
Dentadura de chafer de élite;1,6268
Fémur de chafer arquero;1,6268
Pelos de black pekewabbit;1,6268
Mucosa de almejillón;1,6268
Mortaja;1,6268
Mechón de pelo canoso;1,6268
Lengua de estrella;1,6268
Caparazón de cangrejo;1,6268
Calzoncillo de cuero de puerkazo;1,6268
Costillas de puerkazo;1,6268
Mistetas Despedazado;1,6268
Oso despedazado;1,6268
Piel de raúl mops;1,6268
Ojo de abrakno;1,6268
Nácar en bruto;1,6302
Ala de tufo de las llanuras;1,6336
Escama de cocodrail;1,635
Piel de dragosa;1,6373
Piel de dragandrop;1,6373
Cuerno de draguirritado;1,6373
Piel de dragnarok;1,6373
Cuerno de dragmático;1,6373
Pócima de firma;1,65
Piel de minoskito;1,6641
Piel de mandrina;1,6641
Pelusilla de kilibris;1,6641
Blop muerto;1,6847
Piedra de rubí;1,6885
Piel de larva esmeralda;1,6931
Piel de cerdo de Farle;1,7078
Pedazo de llave guinda;1,725
Pedazo de llave reineta;1,725
Pedazo de llave coco;1,725
Pedazo de llave índigo;1,725
Piedra de cristal;1,7427
Hueso de cocodrail;1,744
Kamiam;1,75
Tejido de wabbit;1,7613
Pelo de minovillo;1,764
Cuerno de minovillo;1,764
Fragmento de hueso;1,7663
Tibia de koalak sepulturero;1,7781
Pelos de guerrero koalak;1,7781
Ventosa vieja de kralamar;1,7781
Llave del Castillo de Arena;1,78
Runa Re Fuego Por;1,8
Runa Re Aire Por;1,8
Runa Re Tierra Por;1,8
Runa Re Neutral Por;1,8
Runa Re Agua Por;1,8
Flauta de mastodonte;1,8
Calzoncillo de cuero de cochinillo;1,8041
Oreja de jalamutín;1,8116
Piel de larva rubí;1,8314
Tupé de koalak sanguíneo;1,843
Carne seca;1,846
Polen de bulbiflor;1,8529
Lengua de ranúfar;1,8529
Espina de bulbomatorral;1,8529
Pistilo de Floristilo;1,8529
Tallo de bambuto;1,8529
Pata de pulguita;1,8529
Ojo de maladilla;1,8529
Palpo de pícbul;1,8529
Pelleja de garrapocha;1,8529
Púa de pulgrosa;1,8529
Nuez de kokoko;1,8656
Leche de tortuga;1,8656
Piel de koalak cabalgador;1,9006
Metaria roja;1,9031
Metaria azul;1,9031
Metaria amarilla;1,9031
Metaria verde;1,9031
Cráneo mágico de mustirrata;1,9187
Tubo oxidado de ratarruina;1,9187
Viejo libro de carrerrata;1,9187
Oreja de rataplastada;1,9187
Ñiamzama de pino;1,9217
Hoja de blop real;1,9523
Fular de koalak salvaje;1,9687
Lana de jalamut;1,9763
Brote de abráknido oscuro irascible;1,9772
Piel de larva dorada;1,9776
Runa de firma;1,98
Pluma de serpipluma;1,9845
Reliquia del Coralador Magistral;2
Máscara de araknotrón irascible rota;2
Piedra de topacio;2,0044
Runa Bu Sa;2,025
Runa Bu Prospe;2,025
Ficha del gatsino del Gran Juego;2,025
Frente huesuda flexible;2,025
Bezoar denso;2,025
Cola de black wabbit;2,0329
Cúbito de momia koalak;2,0381
Pañal usado de warko violeta;2,0381
Cráneo de wabbit esqueleto;2,0538
Ámbar de abráknido;2,0806
Cuerno de jalamut de guerra;2,1038
Pata de abrakno irascible;2,1213
Piel de don dessangre;2,1541
Lana de jalamut legendario;2,174
Piel de maestro koalak;2,1767
Cráneo de aventurero;2,1767
Hueso de black wabbit esqueleto;2,2124
Crines de trooloko;2,2137
Frasco de Gelatina Real de Aciano;2,2282
Frasco de Gelatina Real de Menta;2,2282
Frasco de Gelatina Real de Fresa;2,2282
Frasco de Gelatina Real de Limón;2,2282
Pelo del Wey Wabbit;2,2282
Carniflor;2,2282
Esquirla del Zahowí;2,2282
Tinte mágico oscuro;2,2346
Primera parte de la llave del laberinto del Dragocerdo;2,2352
Pompón marronuzco;2,2356
Hoja de rama curadora;2,2464
Dedo de rama invocadora;2,2464
Ahumador zoth;2,2493
Ebonita;2,25
Tabla de tostar;2,25
Aceite de arroz;2,25
Pelo de trooléolé;2,2509
Gatrool;2,2509
Gratrool;2,2509
Llave de la Corte del Jalató Real;2,2536
Dedicatoria de Skonk para Esmeralda;2,3041
Pasador Zafira;2,3041
Manojo de pelos de Ruby;2,3041
Boomerang estropeado de Diamantina;2,3041
Frasco para elementos;2,3201
Piel de don dórgano;2,3333
Casco roto de bwork;2,3437
Esencia de Mob Lasponja;2,3478
Pelo de zumbobo;2,3671
Piedra de zafiro;2,3763
Carne cruda;2,3783
Pelos de wabbit wodo;2,3795
Veneno de culebrón;2,3795
Correa de cuero;2,3795
Oreja de awelito wabbit;2,3921
Mangual de robot mangual;2,3921
Sangre de wabbit lobo;2,4032
Hoja de cawotaman;2,4032
Orejas de wabbit fluo;2,4032
Dientes de wabbit vampiro;2,4032
Ojo de wabbit céfalo;2,4032
Píxel de segmántido;2,4032
Plumón de pestruzillo;2,404
Cascabel;2,4047
Mineral extraño;2,4175
Piel de larva campestre;2,4304
Cacharro inútil;2,4435
Ojo de pestruzota;2,4435
Diente de oro de crujidor;2,4483
Runa Re PA;2,45
Runa Re PM;2,45
Runa Ret PA;2,45
Runa Ret PM;2,45
Aceite de pischis;2,4749
Pluma de pestruzatón;2,4833
Juguete de chavala zoth;2,4868
Trasero de pestruzkito;2,6105
Piedra del Crujidor Legendario;2,6213
Ficha de Bworker;2,625
Piel de rata;2,6455
Tinte mágico azulado;2,6475
Piedra preciosa zoth;2,6524
Pata de grullestruz;2,6524
Piedra de Cristalobola;2,6617
Bola de kaníbola;2,6832
Runa Su Por Tram;2,7
Runa Su Pot;2,7
Runa Ta Pot;2,7
Runa Buta Pot;2,7
Runa Suta Pot;2,7
Runa Ta Re Emp;2,7
Runa Ta Re Cri;2,7
Runa Buta Re Cri;2,7
Runa Ta Re Por Tierra;2,7
Runa Ta Re Por Fuego;2,7
Runa Ta Re Por Agua;2,7
Runa Ta Re Por Aire;2,7
Runa Ta Re Por Neutral;2,7
Runa Su Re Emp;2,7
Runa Su Re Tierra;2,7
Runa Su Re Neutral;2,7
Runa Su Re Fuego;2,7
Runa Su Re Agua;2,7
Runa Su Re Cri;2,7
Runa Su Re Aire;2,7
Cola de ardilla de las nieves;2,7187
Flor de kalipto;2,765
Pluma de pekegüino;2,8006
Lengua de crujíclope;2,8167
Concentrado de matorral;2,85
Ala de dragopavo;2,8675
Píxel de kaxaco;2,8838
Píxel de trasgolog;2,8838
Píxel de cublak;2,8838
Píxel de recíxel;2,8838
Llave de la Mansión Encantada;2,8869
Corazón de Crujidor;2,8963
Ábaco zoth;2,9242
Mimbre oscuro;2,9384
Tinte mágico naranja;2,9482
Mechón pelirrojo del Flib;2,9672
Lodo maduro;2,9861
Cenizas maduras;2,9861
Charco maduro;2,9861
Humo maduro;2,9861
Piel de barrigüino;2,9873
Gobio kesta;3
Trigo de oro;3
Pepino;3
Cerbatana de bambú;3
Cerámica rota de senojiki;3
Katana de kuamurái;3
Máscara de shinibaru;3
Maza de mamanuki;3
Gafas de kojonuki;3
Puño rocoso de mazaishi;3
Mono kuapa;3
Akaislip de kuakai;3
Reliquia de Gurlo el Terrible;3
Pelos de smielodón;3
Cuero de jabajocero;3
Fular de milimaestro;3
Hueso de sramurái;3
Venda de trabucador;3
Mawashi de elsumo;3
Ortiga arganta;3
Savia de fresno;3
Maraca de Vorlando;3
Pergamino de cactana;3
Flor de cactiflora;3
Bigotes de cactoblongo;3
Tanga de pampactus;3
Oreja de koalakao;3
Estómago de chocogüino;3
Pelaje chocolateado;3
Cobertura de chocorakol;3
Pico de kwakao;3
Carne marmoleada;3,0046
Húmero de sparo;3,0693
Pedazo del calzón de Gurlo;3,1395
Pelaje de Nelwynn;3,1395
Tejido de Dragenerys;3,1395
Pelotita;3,174
Casi-barba de barbrusa;3,174
Diamante;3,1759
Cofre de trampas de cazador;3,1914
Pelusa de mamagüina;3,2007
Oreja de frigóquero agujereada;3,2222
Pipa de la paz zoth;3,2222
Mega piedra de crujidor;3,2631
Bractea de la marguerrita;3,2705
Vísceras de scorbuto;3,2812
Bolso de kartush;3,283
Sépalo de nierba;3,3192
Pelo de barba de chamángüino;3,3192
Oreja de kaniglú;3,3461
Fibra criminal;3,3535
Ojo de crowrajo;3,3535
Fragmento de espada reptiliana;3,3535
Collar roto de mata;3,3535
Kólerat muerto;3,3535
Pelos de barba de dragopavo;3,3535
Llave de la Mazmorra de los Tofus;3,3665
Llave del Escondrijo de Blatarata;3,3665
Carpelo de esquejika;3,3683
Tejido de fuxfaigter;3,391
Ala de dragopavo pelirrojo salvaje;3,391
Cáliz de diente pe-león;3,4177
Llave de la Mazmorra de los Escarahojas;3,4325
Cola de pingüindos;3,4469
Aceite de nuez;3,4485
Runa Bu Hui;3,6
Runa Bu Pla;3,6
Runa Ta Hui;3,6
Runa Buta Hui;3,6
Runa Suta Hui;3,6
Runa Ta Pla;3,6
Runa Buta Pla;3,6
Runa Suta Pla;3,6
Estambre de floribundo;3,6009
Piel de patogermen;3,616
Llave del Enclave de los Blops;3,6281
Amígdalas de tufo oscuro;3,653
Ojo de rata de la banda;3,6546
Polvos maduros;3,6647
Grano de abrajidor oscuro;3,7055
Esencia del Jalató Real;3,7168
Pelos de bumbardero;3,7222
Pelos de funámbola;3,7222
Pelos de petafux;3,7222
Piel de rojiva;3,7222
Piel de escupefux;3,7222
Punta de lanza de fangshu;3,7222
Tejido de kurookin;3,7222
Brazalete de ino-naru;3,7222
Hoja rota de gorolichang;3,7222
Cinta de uchiwang;3,7222
Llave de la Akademia de los Goblins;3,7241
Garra de dragohuevo alabastrado;3,7292
Pólvora explosiva;3,7318
Ojo de kanugro;3,7396
Magnesita;3,75
Tabla de surf;3,75
Cráneo de jefe cocodrail;3,7794
Carne macerada;3,7941
Llave de la Mazmorra de los Esqueletos;3,89
Concentrado de boscaje;3,9
Lana de Jalató Real;3,9772
Bamga horror;4
Andesita;4
Ala de dragopavo dorado;4,0298
Cola de rata de la banda;4,0451
Pedazo de llave del Wabbit de la Mañana Wociada;4,1
Pedazo de llave del Wabbit del Mediodía Wadiante;4,1
Pedazo de llave del Wabbit de la Tawde Oscuwa;4,1
Piedra de dopeul;4,1127
Huevo de dragohuevo pizarroso;4,127
Huevo de dragohuevo arcilloso;4,127
Huevo de dragohuevo carbonoso;4,127
Esencia del Girasol Hambriento;4,1538
Pinza de fanclasma;4,1875
Cola de fantombrealagua;4,1875
Valva de fantimonel;4,1875
Mástil de fantasmastil;4,1875
Escama de harpirata;4,1875
Barba del Wey Wobot;4,2073
Coraza de Mantícoro;4,2073
Llave de la Mazmorra de los Bworks;4,3122
Bumerán de dok alako;4,3179
Raíz de Abráknido Ancestral;4,3434
Cuero de balíbido;4,3632
Tejido de emobalí;4,3632
Colmillo de balisisco;4,3632
Aceite de Kodo;4,3803
Pelo de baglitch;4,545
Piedra de Ágata;4,5796
Piedra de selenita;4,6
Fragmento del mapa de Peazo Beyota 1/2;4,6153
Fragmento del mapa de Peazo Beyota 2/2;4,6153
Llave de la Mazmorra de los Herreros;4,6346
Chicha industrial;4,6542
Llave de la Gruta Grut'Hesqua;4,7058
Tejido de piratalaya;4,7857
Garra de perfugaz;4,7916
Piel de metaforatroz;4,7916
Cuerno de papatroz;4,7916
Ojo de perfidotroz;4,7916
Cola de mamatroz;4,7916
Brote de malseto;4,7916
Boleadora de maltrío;4,7916
Pincho de malpincho;4,7916
Amuleto de maltuerzo;4,7916
Cuerno de malastado;4,7916
Llave del Nido de Kwoknan;4,8146
Fragmento de marranárgola;4,8611
Carne de animales silvestres;4,9115
Relleno de mopet;4,9349
Trucha ancestral;5
Cebada azucarada;5
Runa Cri;5
Runa Cu;5
Salvia adivinorum;5
Savia de castaño;5
Tornillo de wabbit;5,0735
Marfil;5,0906
Bakelitita;5,1
Corteza de Liroye Merlín;5,1118
Huevo de dragohuevo calizo;5,14
Arena fina;5,14
Cloaca de pohoyo;5,2272
Residuo de solfatara;5,2272
Corteza de abráknido venerable;5,2272
Tinte mágico verdoso;5,2472
Brebaje muscular;5,3594
Trasero de tufo aéreo;5,3645
Concentrado de oquedal;5,4
Cabellera de Maxilubo;5,4687
Hocico de Dragocerdo;5,4687
Piel de Moon;5,4687
Trenza de Trankitronko;5,4687
Garra de highiena;5,5036
Cadena de tigredón;5,5036
Esmeralda;5,5106
Careta de Judini;5,5128
Barba de Le Chuko;5,5128
Seda babosa;5,5128
Ojo de cangrabino;5,5398
Arakna espachurrada;5,5398
Jugo de pescado;5,55
Oreja de kanublú;5,5738
Crines de huerfelino;5,5738
Runa Bu Da Tram;5,625
Runa Bu Da Emp;5,625
Runa Bu Da Cri;5,625
Runa Bu Da Tierra;5,625
Runa Bu Da Fuego;5,625
Runa Bu Da Agua;5,625
Runa Bu Da Aire;5,625
Runa Bu Da Neutral;5,625
Runa Ta Da Cri;5,625
Runa Buta Da Cri;5,625
Runa Ta Da Tierra;5,625
Runa Buta Da Tierra;5,625
Runa Suta Da Tierra;5,625
Runa Ta Da Fuego;5,625
Runa Buta Da Fuego;5,625
Runa Suta Da Fuego;5,625
Runa Ta Da Agua;5,625
Runa Buta Da Agua;5,625
Runa Suta Da Agua;5,625
Runa Ta Da Aire;5,625
Runa Buta Da Aire;5,625
Runa Suta Da Aire;5,625
Runa Ta Da Neutral;5,625
Runa Buta Da Neutral;5,625
Runa Suta Da Neutral;5,625
Runa Bu Da Reen;5,625
Pelambrera de kanikilador;5,6445
Cabellera de alhiena;5,6445
Esencia del Escarajefe Dorado;5,6756
Esencia de Boostacho;5,6756
Pico de heladíkano;5,6792
Vísceras de Escarajefe Dorado;5,6941
Mostacho de Boostacho;5,6941
Pintura amarilla;5,7093
Pintura roja;5,7093
Pintura azul;5,7093
Pintura naranja;5,7093
Pintura verde;5,7093
Pintura violeta;5,7093
Pintura negra;5,7093
Copia de la llave de la guarida de los bandidos;5,7424
Primera llave de la Mazmorra de Sfinter;5,75
Segunda llave de la Mazmorra de Sfinter;5,75
Llave del Refugio Silvestre;5,7624
Baba de kasrakol;5,7657
Rubí;5,7665
Esternón de miaumiaumialvaje;5,8258
Pata de guardiana de alcantarilla;5,8392
Pócima de envejecimiento;5,85
Tocón de abrajidor claro;5,9133
Flor de onabu-geisha;5,9318
Hueso de jiangshi-Nobi;5,9318
Coraza de tamburái;5,9318
Hombreras de kabushido;5,9318
Medialuna de tsukinoichi;5,9318
Cola de miauidizo;5,9318
Pelo de miauscuro;5,9318
Collar de michakichán;5,9318
Oreja de miaugusto;5,9318
Diente de miauzúcar;5,9318
Pata de rata kekomepoko;5,9801
Cangrejo surimi exótico;6
Reliquia de Rasgabola Mayor;6
Tabla de planchar;6
Runa Su Sa;6,075
Carne fresca;6,0846
Avena mágica;6,1304
Mimbre hechizado;6,1304
Cuero lila de megabwork;6,1304
Tejido de orondo;6,1304
Loncha mágica de komanbwork;6,1304
Cabellera de eztrambwork;6,1304
Piel de alfilo;6,1304
Piel de pequeciclo;6,1304
Glándula de arak-hai;6,1687
Esencia de Batofu;6,1764
Esencia de Blatarata;6,1764
Harina terrada;6,1843
Tela de abrakno oscuro;6,2075
Sudor de dragopavo;6,2121
Escama de Grozilla;6,25
Tinte mágico tenebroso;6,3529
Piedra atomística;6,3888
Piedra de fumarola;6,3888
Llave de la Fundición de los Waddictos;6,5223
Segunda parte de la llave del laberinto del Dragocerdo;6,5298
Kola;6,5461
Esencia del director Grunob;6,5625
Kuarzo;6,6
Nudo marinero;6,677
Brote explosivo de Kodámade;6,7021
Vísceras de tanuki;6,7187
Piedra de mofeta;6,7647
Oreja de soryo gélifux;6,8684
Lana de maho gélifux;6,8684
Lana de yokai gélifux;6,8684
Tibia de yomi gélifux;6,8684
Colmillo de kami gélifux;6,8684
Tinte mágico rojizo;6,8975
Pez tigre;7
Avena aurífera;7
Piedra de Aguamarina;7
Fragmento del mapa de Tortacia 1/4;7
Fragmento del mapa de Tortacia 2/4;7
Fragmento del mapa de Tortacia 3/4;7
Trifolium ladecristum;7
Savia de nogal;7
Fragmento del mapa de Tortacia 4/4;7
Pócima de los ancestros;7,05
Corazón de ventozador;7,1874
Plumón del Maestro Cuerbok;7,2564
Patillas de Haluín;7,2916
Escama de Grasmera;7,2916
Calcetín agujereado de Dramak;7,2916
Bordado de Malefíscof;7,2916
Diente de Karnozor;7,2916
Crines de Rata Blanca;7,3255
Metaria triam roja;7,4107
Metaria triam amarilla;7,4107
Oreja de buldogro;7,4261
Tejido de milubo;7,4969
Runa Ta Cri;7,5
Runa Buta Cri;7,5
Metaria triam azul;7,5068
Metaria triam verde;7,5068
Llave del Pueblo Kaníbola;7,5856
Zumo de stropajo;7,6224
Cofia destrozada de drakoalak;7,6274
Elástico de gobvio;7,6274
Concentrado de fajina;7,65
Pluma de Rasgabola Mayor;7,7205
Esencia del Chafer Rōnin;7,73
Kaokurimono;7,7368
Ojo de majaro;7,7368
Sombreropikaza;7,7368
Farol usado;7,7368
Máscara rota;7,7368
Mechón de pelo de sesenth;7,7368
Diente de oniscíclopo;7,7368
Pata de gusávido;7,7368
Piel de tremorso;7,7368
Pincho de piktenia;7,7368
Vísceras de fortachobz;7,7368
Zumo de doctobz;7,7368
Cráneo de kamikabz;7,7368
Cartílago de cuadrabz;7,7368
Llave de la Cala del Arca de Otomai;7,7671
Zafiro;7,8301
Zanco de yavefija;7,833
Dientes de milubo;7,8671
Tupé de tofuito feo;8,0187
Esencia de herreros;8,0357
Nácar;8,037
Testículos de cerdolubo;8,043
Cabellera de milubonoke;8,043
Testículos mágicos de milubándalo;8,043
Cuerno de dragoss proteiforme;8,043
Cuerno de dragoss calizo;8,043
Cáscara de dragoss carbonoso;8,043
Cáscara de dragoss pizarroso;8,043
Cáscara de dragoss arcilloso;8,043
Mojo de abuelubo;8,043
Cuerno de rinoferoz;8,043
Cuero de Capsálocke;8,0562
Llave de la Madriguera del Wey Wabbit;8,1169
Chicha manida;8,1227
Lengua de mordescualo;8,1666
Pelos del Minotauroro;8,1868
Piel de Cocabulia;8,1868
Hoja de Blop Multicolor Real;8,1868
Caja de regalo del Minotobola de Nawidad;8,1893
Carne magra;8,1898
Flor de Cil;8,225
Pelos de Bworka;8,3148
Esencia de Bworka;8,3333
Veneno azotador;8,3624
Cristal;8,5433
Lamela de dramanita;8,647
Volva de galerina;8,647
Volva de hongador;8,647
Corteza de korrosif;8,647
Lamela de cortinaria;8,647
Corteza de champáknido;8,7473
Tabla de retrete;8,7749
Trasero de tofuzmo;8,8093
Cuerno de escarato;8,8093
Bola pulida;8,8193
Cuerno de deminobola;8,8556
Cuerno de mominotauro;8,8556
Brasa de tofulminante;8,8556
Pelo de rata bontariana;8,9615
Pez iglú;9
Pluma puntiaguda de zorrowapo;9,011
Corazón de bebedor;9,011
Huevo de tofudriza;9,0296
Crines floridas;9,0517
Forúnculo de mamá bwork;9,0517
Kriptonita;9,15
Pañuelo agujereado de fuego;9,1544
Pañuelo agujereado de tierra;9,1544
Pañuelo agujereado de agua;9,1544
Pañuelo agujereado de aire;9,1544
Cuerbok muerto;9,2167
Trompa de Trompseta;9,2576
Lengua de champidonte;9,2576
Ojo de setador;9,2576
Lamela de champbis;9,2576
Baba de seta peleona;9,2576
Glándula de Piojoporojo;9,2647
Diente de trezz;9,2842
Piel de vintydós;9,2842
Calzón de trentytrés;9,2842
Barba de sieth;9,2842
Pico de kido;9,289
Papada del Lodostropajo;9,289
Toba de mofeta;9,2891
Diente de Shin Larva;9,3283
Coral magistral;9,3283
Pico de Kwoknan;9,3283
Esencia de Shin Larva;9,375
Esencia del Coralador Magistral;9,375
Esencia de Kwoknan;9,375
Esencia de rakooper;9,375
Piel de mino;9,3924
Llave de los Picos Rocosos de los Crujidores;9,4202
Tejido de stropajo;9,4357
Ala atrofiada de tofuluche;9,5145
Corazón pulío;9,5314
Ojo de cascasaurio;9,5703
Tornillo de cybwork;9,5708
Corazón de Brandon;9,6744
Pata de escoliopendra;9,6764
Ala de pulgondo;9,6764
Aguijón de maldabejorro;9,6764
Carne viciada;9,6764
Colmillo de dragohuevo protector;9,7769
Ala de dragandrop;9,7769
Coco de tufo de las llanuras;9,779
Llave del Laboratorio de Brumen Tinctorias;9,8895
Metaria maga roja;9,958
Metaria maga azul;9,958
Metaria maga verde;9,958
Carpita de las arenas;10
Lúpulo brillante;10
Reliquia de Tynril;10
Menta religiosa;10
Savia de roble;10
Madera de acuacia;10
Salikronia;10
Quisnoa;10
Lapa;10
Sepiolita;10
Tulipán de papel;10
Pischis de tinta;10
Bastón de kilibris;10,0319
Artefacto pandawushu de madera;10,0593
Néctar del oriente;10,0611
Llave del Huerto de Haluín;10,3413
Llave del Antro del Blop Multicolor;10,35
Pócima de ganduleo;10,35
Vendita del guerrero koalak;10,5539
Barro seco de barrostropajo;10,5539
Pinza de lucráneus;10,6129
Veneno de perfácnida;10,6129
Antenas de kabombz;10,6578
Crines de Rata Negra;10,6779
Cuero de jalamutín;10,9429
Llave de la Prueba de Dragenerys;10,961
Oreja de gosbusteador;10,9666
Cola de wolverijón;10,9666
Garra de tejestia;10,9666
Oreja de nocturnejón;10,9666
Molar de tejaiss;10,9666
Omóplato de tejonom;10,9666
Oreja de golosorubik;10,9666
Sardina oscura;11
Savia de bombú;11
Runa Bu Re PA;11,025
Runa Bu Re PM;11,025
Runa Bu Ret PA;11,025
Runa Bu Ret PM;11,025
Runa Ta Re PA;11,025
Runa Buta Re PA;11,025
Runa Suta Re PA;11,025
Runa Ta Re PM;11,025
Runa Buta Re PM;11,025
Runa Suta Re PM;11,025
Runa Ta Ret PA;11,025
Runa Buta Ret PA;11,025
Runa Suta Ret PA;11,025
Runa Ta Ret PM;11,025
Runa Buta Ret PM;11,025
Runa Suta Ret PM;11,025
Pelo de rata brakmariana;11,0489
Bumerán de koalak sanguíneo;11,0985
Kobalita;11,1
Raíz de Roble Blando;11,5517
Flor de Blop Guinda Real;11,6477
Flor de Blop Coco Real;11,6477
Flor de Blop Índigo Real;11,6477
Flor de Blop Reineta Real;11,6477
Fémur de koalak salvaje;11,6666
Esencia del Blop Real;11,7142
Oreja de pyrojón;11,75
Ojo de bombador;11,8789
Clavícula de jalamut;11,9014
Ámbar de abráknido oscuro irascible;11,9178
Lodo venerable;11,9711
Polvos venerables;11,9711
Cenizas venerables;11,9711
Charco venerable;11,9711
Humo venerable;11,9711
Arakna irascible espachurrada;11,9834
Lucio Tupe-Halett;12
Lino Tempestad;12
Orquídea idónea;12
Savia de arce;12
Piedra de serpipluma;12,003
Metaria maga amarilla;12,0107
Pelo de Skonk;12,0161
Lana de Jalamut Real;12,0161
Píxel de Fraktal;12,0161
Piel de pinzador;12,1389
Pelos de golosote;12,2
Cuero de golornado;12,2
Incisivo de golourmet;12,2
Antena de golosojorro;12,2
Cola de golosimiel;12,2
Sangre de carghnicero;12,2
Cola de posta;12,2
Baba de bobalicor;12,2
Hueso de nemroza;12,2
Flecha de ocrambo;12,2
Armadura de blinduro;12,2
Baba de martinete;12,2
Mecha de hachicera;12,2
Honda de jalahondero;12,2
Goma de la barba de jabalito;12,2
Tabla de pastelería;12,225
Pelos de barba de warko violeta;12,2593
Peroné de apandador;12,27
Ojo de jalamut de guerra;12,6395
Lengua de krameleón;12,6842
Carne negra;12,7743
Mandíbula de abrakno irascible;12,7811
Bumerán de maestro koalak;12,8778
Tela de siegalak;12,8778
Reliquia del Kimbo;13
Llave del Territorio Ancestral;13,0443
Lana del trool airado;13,0963
Hombrera de trooligarka;13,0963
Pulsera de fuerza de trool;13,0963
Calzoncillo de trooloko;13,0963
Chicha adulterada;13,2075
Tejido zoth;13,2352
Cola de jalamut legendario;13,256
Esencia del Wey Wabbit;13,3695
Esencia de la Gelatina Real;13,3695
Esencia del Kaníbola Daldrrak;13,3695
Paño del Wey Wabbit;13,4162
Pasamontañas del jefe kaníbola;13,4162
Ojo de rama invocadora;13,5346
Ojo de rama curadora;13,5346
Llave de la Mazmorra de Nawidad;13,5406
Piedra de barrenador;13,6419
Mapa de Peazo Beyota;13,8461
Llave del Cementerio de los Mastodontes;13,8697
Cuerda de escalada;13,9025
Huevo de gobús;13,9311
Kralamar único;14
Savia de olivioleta;14
Máscara del vacío;14,0769
Máscara de la venganza;14,0769
Máscara de la violencia;14,0769
Máscara de la vivacidad;14,0769
Máscara del vicio;14,0769
Zanahowia transgénica;14,3269
Aceite de palma;14,3728
Rutilo;14,4
Pico de pestruzillo;14,424
Piruta;14,4749
Tabla de grabado;14,625
Kuakuá de baño de Nagate;14,6464
Glándulas de pestruzota;14,7792
Diario intimo de Esmeralda;14,8504
Champú de kalipto de Zafira;14,8504
Memo de Ruby;14,8504
Entrada de concierto de Diamantina;14,8504
Rótula de discípulo zoth;14,9
Centeno resistente;15
Testículos del Tanukui San;15
Par de bolas de Thor Pestruz;15
Corazón del Capitán Eskarlata;15
Bellota de Peazo Beyota;15
Margarita weis;15
Arroz cola;15
Anguila sigila;15
Cabeza de martillo de jade;15
Savia de tejo;15
Orbe regenerativo menor;15
Pincho de El Piko;15
Corazón del Crunchidor;15
Ladilla de pestruzatón;15,1422
Pañuelo de la chavala zoth;15,2663
Lengua de pestruzkito;15,5133
Bananaranja;15,6208
Tibia de guerrero zoth;15,6512
Mega piedra del Crujidor Legendario;15,6612
Esencia del Crujidor Legendario;15,7281
Alita de grullestruz;15,8925
Pata de kabombz perturbado;15,9171
Dorada emperadora;16
Savia de bambú;16
Llave de la Cueva del Trankitronko;16,0319
Heráldica de sargento zoth;16,056
Tejido de rey stropajo;16,215
Concentrado de bosquecillo;16,2749
Bellota de ardilla de las nieves;16,4772
Bragueta de maestro zoth;16,4823
Carne sabrosa;16,828
Ojo de cuereñor;16,875
Cuero de cuerubugui;16,875
Cuero de cuerchinbol;16,875
Cuero de cuerastro;16,875
Cuero de cuerola;16,875
Sangre de barrilicoso;16,875
Incisivo de estalarkmis;16,875
Sangre de dantartánico;16,875
Yunque de hielathos;16,875
Estribo de portoskarcha;16,875
Baba de nessil;16,875
Canino de xakal;16,875
Pluma de dodoxal;16,875
Pata de termístikal;16,875
Bráctea de droseral;16,875
Canino de kanitómata;16,875
Maxilar de brikolosote;16,875
Pico de güinórdido;16,875
Astrágalo de mecanélifux;16,875
Volva de cortinánico;16,875
Pluma de bubobubo;16,875
Garra de estrígido;16,875
Ojo de kukoloide;16,875
Ala de buhotofu;16,875
Ala de nocturlabiúho;16,875
Pila steamer;16,875
Caparazón de machangrejo;16,875
Pico de pikoleto;16,875
Sangre de arpo;16,875
Cuero de dedstraik;16,875
Barba de ciclofandra;16,875
Ceja de barbestrella;16,875
Diente de levitrof;16,875
Trozo de llave de llavoro;16,875
Bola de oro de melenutrof;16,875
Trampa desactivada de machasesino;16,875
Hombrera de verdugolista;16,875
Cráneo mágico de magamaño;16,875
Ojo pulguinfecto;16,875
Pata de baciloloco;16,875
Antena de bacterrible;16,875
Caparazón de virusca;16,875
Pluma de brazor;16,875
Pica de soldado;16,875
Pluma de caballero;16,875
Chaleco de sota;16,875
Cinturón de la reina del azar;16,875
Sello del rey jugador;16,875
Baba de mol usko;16,875
Pinza de cangrejo yolonista;16,875
Escama de gambafetada;16,875
Cola de mantatáser;16,875
Tinta de pulpepona;16,875
Bigote de riluro;16,875
Espina de diondino;16,875
Tentáculo de pulprofundo;16,875
Tentáculo de n'yalg;16,875
Pata de mie-do;16,875
Ojo de shorrokh;16,875
Flauta de clutista;16,875
Diente de lamprequeña;16,875
Fragmento de chacanubis;16,875
Diente de venduso;16,875
Granate de momístico;16,875
Párpado dorado de rykaón;16,875
Oreja de malignotep;16,875
Uña de ghuloso;16,875
Ala de kerighula;16,875
Ojo de ghúligan;16,875
Pelos de ghúltimo;16,875
Nariz de murcieguidor;16,875
Ojo de flamtasma;16,875
Pinza de cránima;16,875
Cenizas de quemanado;16,875
Fragmento de ectórrido;16,875
Restos de espírico;16,875
Diente de cleymor;16,875
Vértebra de funescudo;16,875
Granada de moribumdo;16,875
Ojo de alabardiente;16,875
Carne de zombruto;16,875
Punta de lanza de maremorto;16,875
Protección de funespada;16,875
Acuarakna de mortisparo;16,875
Trozo de armadura de cangreno;16,875
Armadura de tanquenano;16,875
Honda de jalanano;16,875
Pelos de barba de barbariete;16,875
Polaina de cascarrocas;16,875
Diente de cervelicoso;16,875
Runa Ta Da Emp;16,875
Runa Buta Da Emp;16,875
Mechón de praliciana;16,875
Piel de mocasesino;16,875
Caldero de temperaturgo;16,875
Gorro de aplicacao;16,875
Diadema de chocoligarca;16,875
Lengua de eskondido;16,875
Bandana de noveh;16,875
Muñeca de caimaguja;16,875
Taparrabos de cazadrail;16,875
Colmillo de coconíbal;16,875
Hombrera de chatarrero;16,875
Lengua de hambrón;16,875
Costillas de deshuesador;16,875
Capucha de kentus;16,875
Ojo de yawa;16,875
Lengua de pistiloso;16,875
Piel podrida de Dolid;16,875
Pata de nurglotón;16,875
Tentáculo de tentacachetada;16,875
Pétalo de gangrecán;16,875
Madera de zagual usada;16,875
Capucha de falcerética;16,875
Varita rítmica;16,875
Grillete plomeado;16,875
Mango de látigo;16,875
Tela ensangrentada;16,875
Sangre coagulada;16,875
Colmillo afilado;16,875
Fragmento de armadura;16,875
Linotórax;16,875
Mandíbula de azmodón;16,875
Lengua de beliablo;16,875
Cuerno de tifomet;16,875
Tentáculo de demoloch;16,875
Paletilla de malefisto;16,875
Liana de reclutallo;16,875
Musgo de verdedugo;16,875
Espina de armuguete;16,875
Puño de amapolátigo;16,875
Casco de tulipaladín;16,875
Runa Su Da Emp;16,875
Hueso adivinatorio de leonisa;16,875
Pañuelo de felifiera;16,875
Dagósea de domatadora;16,875
Lámpara de giráfaro;16,875
Oreja de antilonejo;16,875
Hocico de brutapir;16,875
Mandíbula de hiperpótamo;16,875
Lengua de anfibuco;16,875
Pelos de raribívoro;16,875
Carne jugosa de raribívoro;16,875
Llave de la Carpa de los Magik Riktus;16,9553
Pico de pekegüino;16,9734
Gatito perca;17
Pandoja cantora;17
Malta siano;17
Savia de cerezo silvestre;17
Ardonita;17,025
Pinchito de Retkel;17,2074
Llave de la Guarida de Lasoberaña;17,275
Pluma de Tofu Real;17,3255
Linterna de tritáceo;17,6086
Diente de smielodón;17,8278
Colmillo de jabajocero;17,8278
Cuerno de kamasterix;17,8676
Mecha de bomba de terroristócrata;17,8676
Coletero de doble;17,8676
Artefacto pandawushu de roca;17,9752
Pelos mágicos de tanuki;17,9752
Zumo de cacterro;17,9752
Pepita mordida;17,9752
Agua de kuapa;17,9826
Artefacto pandawushu de agua;17,9826
Llave del Navío de Le Chuko;18,0384
Tridente de tryde;18,0803
Ala de barrigüino;18,2154
Tarta con mermelada de guinda;18,2529
Lengua de hachérrimo;18,409
Palillos para el pelo de Shihan;18,6111
Bufanda de Hanshi;18,6111
Pistilo de Tynril;18,6111
Pluma de Morsagüino Real;18,6111
Tejido de Gurlo el Terrible;18,6464
Matraz de humo de Nelwynn;18,6464
Pelo de Dragenerys;18,6464
Cola mágica de Funoroshi;18,6802
Llave del Árbol de Moon;18,7413
Escama de graogarm;18,75
Esencia de Nelwynn;18,8372
Esencia de Gurlo el Terrible;18,8372
Esencia de Dragenerys;18,8372
Llave de la Fábrica de Malefíscof;18,85
Raya de Farle;19
Savia de avellano;19
Ojo torvo de frigóquero;19,0789
Aceite de mamagüina;19,1495
Llave secreta del Tofullinero Real;19,2297
Corteza de marguerrita;19,3651
Tabla para panes;19,5
Espina gigante de chamángüino;19,6535
Concentrado de espesura;19,725
Corteza de nierba;19,8274
Tonel de bombú;19,95
Cáñamo eufórico;20
Runa Da;20
Ginsengoku;20
Gazrape;20
Savia de ébano;20
Llave del laberinto del Dragocerdo;20,0679
Plancha de acero;20,0839
Garra de ikarisko;20,25
Cuerno de arraca;20,25
Ojo de arpilla;20,25
Zarpa de bubotente;20,25
Hombreras de okraradia;20,25
Diadema de Bellilit;20,25
Cabellera de bwarioch;20,25
Hocico de puerkcebú;20,25
Ala de aninfernal;20,25
Corteza de esquejika;20,3002
Tejido de kaniglú;20,3271
Fragmento del mapa de Brumen 1/4;20,5
Fragmento del mapa de Brumen 2/4;20,5
Fragmento del mapa de Brumen 3/4;20,5
Fragmento del mapa de Brumen 4/4;20,5
Llave del Castillo del Wey Wabbit;20,6878
Oreja de pingüindos;20,7453
Corteza de diente pe-león;20,7837
Tiburón mercado libre;21
Savia de kalipto;21
Llave de la Guarida del Maxilubo;21,1245
Llave del Teatro de Dramak;21,1273
Calavera;21,22
Corteza de floribundo;21,2784
Ágata;21,3094
Coco de tufo oscuro;21,7844
Llave de la Guarida de Karnozor;21,8096
Lubina Fónica;22
Belladoncella;22
Maíz adlasvelas;22
Savia de carpe;22
Talón de Aquiles de abrajidor oscuro;22,302
Runa Bu Cu;22,5
Runa Ta He;22,5
Runa Buta He;22,5
Runa Suta He;22,5
Artefacto pandawushu de viento;22,6351
Pelaje aerodinámico;22,6351
Artefacto pandawushu de fuego;22,6385
Tejido de firefux;22,6385
Píldora de la banda;23,8105
Mecha rebelde de Hell Mina;23,9583
Fémur de Sfinter Cell;23,9583
Pelo de Ben el Ripata;23,9583
Púa dorsal de Grozilla;23,9583
Colmillo de Perfósil;23,9583
Bacaladilla apetitosa;24
Savia de bambú oscuro;24
Llave del miausoleo de Piojoporojo;24,0652
Tabla para pintar;24,6
Kamatrix;24,8456
Cuerda de fanclasma;24,8762
Flotador de fantombrealagua;24,8762
Aceite de fantimonel;24,8762
Valva de harpirata;24,8762
Guijarro carmesí;25
Guijarro de temporada;25
Manchégora;25
Mijo añejo;25
Tenca cuidado;25
Savia de olmo;25
Llave de la Despensa de la Rata Blanca;25,0869
Corazón de Mantícoro;25,2192
Esencia del Wey Wobot;25,2439
Esencia de Mantícoro;25,2439
Llave de la Biblioteca del Maestro Cuerbok;25,2714
Cofre forja;25,5
Estómago de emobalí;25,7264
Pezuña de balisisco;25,9714
Savia de bambú sagrado;26
Esencia del Abráknido Ancestral;26,0606
Yema de Abráknido Ancestral;26,1557
Llave de la Boca del Rasgabola;26,2572
Chicha intangible;26,3157
Galleta de la fortuna;26,4388
Cuerno de balíbido;26,4757
Correa de cuero de baglitch;27
Frostizz inflado;27
Inverluza glacial;27
Estrella de las nieves;27
Savia de álamo temblón;27
Llave del Antro del Dragocerdo;27,4032
Concentrado de bosque;27,525
Tabla de salvación;27,6
Minirreloj de arena;27,6855
Llave del Laberinto del Minotauroro;27,7663
Llave del Antro de Cocabulia;28,3133
Pétalo de malter;28,4653
Llave de la Guarida de Sfinter Cell;28,7713
Cabeza del rascador;28,7937
Ojo de piratalaya;28,8793
Chicha exudante;29,0055
Picaporte de marranárgola;29,1342
Tejido de mopet;29,5585
Llave de la Bambusería de Kodámade;29,6034
Bigote de Shogun Tofugawa;29,659
Escoria de Obsidiantre;29,659
Esfenoides del Kimbo;29,659
Etmoides de Minotot;29,659
Pelos de Kanígrula;29,659
Bigotes de Ush;29,659
Tinte naranja sanguina;29,6603
Braga de Tortacia;30
Caparazón circunflejo de imorok;30
Comillas de imiyama;30
Cedilla de imetsu;30
Apóstrofo de imafugo;30
Caparazón circunflejo de rokoram;30
Comillas de mabram;30
Cedilla de tsunam;30
Apóstrofo de fugokam;30
Puño y coma de shinlam;30,2669
Chicha tierna;30,2962
Llave de la Raratonera de la Rata Negra;30,3935
Esquirla obscura;30,5
Topacio;30,7684
Trenza de pohoyo;30,9139
Llave de la Guarida de Skonk;30,9445
Pasta Plas Plum;31,0952
Sesos de jalató de las cuevas;31,3419
Jugo de ardilla de las nieves exprimida;31,5355
Ulna de solfatara;31,5934
Pócima de alteración;32,1001
Filtro de longevidad;32,16
Concentrado de bosque primario;32,4
Coco de tufo aéreo;32,423
Canino de highiena;32,5483
Bola de tigredón;32,5483
Testículos mágicos de Maxilubo;32,7306
Tejido mágico de Moon;32,7306
Piedra de Trankitronko;32,7306
Esencia del Dragocerdo;32,8125
Esencia del Trankitronko;32,8125
Esencia de Maxilubo;32,8125
Esencia de Moon;32,8125
Llave del Invernáculo de Jalamut Real;32,8627
Pelo de rhoarim perturbado;32,9887
Diente de fantasmastil;33,0592
Esencia de Lasoberaña;33,0769
Esencia de Le Chuko;33,0769
Esencia de Judini;33,0769
Llave del templo maldito;33,2647
Tejido de kanublú;33,322
Hebilla de huerfelino;33,322
Tejido de Judini;33,385
Bwak esquelético;33,385
Glóbulo de Lasoberaña;33,385
Implantes rústicos;33,6365
Puño y coma de imushin;33,817
Cáscara del kasrakol;34,0112
Diente de raribívoro perturbado;34,02
Piel de kanikilador;34,1153
Rostro de alhiena;34,1153
Tefra de atomístico;34,8484
Artefacto de fumarola;34,8484
Nudo de abrajidor claro;34,882
Picadillo de bruma;35,5909
Tejido de samurái fantasma;35,8516
Llave del Megalito de Fraktal;36,1364
Huevo de ventozador;36,3924
Pócima mineral;36,3937
Cáscara de cascasaurio;36,6477
Harina de contrabando;36,75
Diente falso de Grozilla;36,7647
Kesitufo;36,8564
Pequeña piedra de alma especial;38,215
Brasas azuladas;38,6842
Lana de Tengu Gélifux;38,6842
Cuerno de XLII;38,6842
Ojo de Anelidón;38,6842
Calzoncillos frondosos del Bzupervibzor;38,6842
Esencia de Kodámade;40,2127
Pata de soryo gélifux;40,2777
Cuero de maho gélifux;40,2777
Cráneo de yokai gélifux;40,2777
Cola de yomi gélifux;40,2777
Córnea de kami gélifux;40,2777
Llave de la Pajarera de Thor Pestruz;40,9378
Llave del panteón del príncipe Djamal;41,4094
Mapa de Tortacia;42
Concentrado de bosque tropical;42
Llave del Taller de Tanukui San;42,6138
Gricita;42,9638
Dientes de Haluín;43,4602
Saco de carbón de Grasmera;43,4602
Calzoncillo agujereado de Dramak;43,4602
Ojo de Karnozor;43,4602
Esencia del Maestro Cuerbok;43,5389
Pelo de Dragocerdo;43,75
Esencia de Dramak;43,75
Esencia de Malefíscof;43,75
Esencia de Karnozor;43,75
Esencia de la Rata Blanca;43,9534
Chicha corrompida;44,7598
Runa Invo;45
Concentrado de selva;45
Orbe regenerativo;45
Yokaiedra;45,3703
Bola de pelos de kabombz;45,9374
Bzuevo de fortachobz;45,9374
Bzuevo de doctobz;45,9374
Bzuevo de kamikabz;45,9374
Bzuevo de cuadrabz;45,9374
Ventosa del kralamar gigante;46,0227
Esencia del Rasgabola Mayor;46,3235
Llave del Valle de la Dama del Agua;47,1138
Llave de la Caverna de El Piko;47,1138
Llave de la Crocantería;47,1138
Llave del Ring del Capitán Eskarlata;47,1978
Caparazón de gusano de arena;47,5588
Espina de Ugah;48,3823
Pata de Cil;48,3823
Uña de Bworker;48,3823
Sangre de Toxoliat;48,3823
Cuerno roto de Cocabulia;48,8845
Pluma vibrante de Tofu Real;48,8845
Flor de Blop Multicolor Real;48,8845
Llave güina;49,0645
Esencia del Blop Multicolor Real;49,1208
Esencia del Minotauroro;49,1208
Esencia de Cocabulia;49,1208
Ojo de dramanita;51,7605
Oreja de galerina;51,7605
Pedúnculo de hongador;51,7605
Raíz de korrosif;51,7605
Pedúnculo de cortinaria;51,7605
Enchalada de pescado envenenada;52,1678
Kristalita;52,1708
Tanga de cuero de mamá bwork;54,1831
Llave del Claro del Roble Blando;54,3657
Calzoncillos rojos;54,7975
Calzoncillos marrones;54,7975
Calzoncillos azules;54,7975
Calzoncillos blancos;54,7975
Esencia de Piojoporojo;55,5882
Cola emplumada de Rasgabola Mayor;55,851
Fibra de cáñamo;56,2071
Calzón de cybwork;57,2904
Llave del Dojo del Viento;57,8491
Llave de la Fábrica de Fux Artificiales;57,8491
Chicha seca;58,8345
Llave de la Sala del Minotot;59,35
Piedra de alma especial mediana;59,4586
Llave de la Galería de Perfósil;59,63
Cuero de Fuji Gélifux;61
Garra de Tejossus;61
Cola de Golosotrón Real;61
Polvos glaciales;61
Cuerno de Sombra;61
Pelos del conde Razof;61
Campana de Demena Decobre;61
Chicha rancia;62,2119
Sesos de Solar;62,9533
Llave del Laboratorio del Tynril;63,8131
Esencia de la Rata Negra;64,0677
Lágrima de gélifux;65
Jugo de pescado abominable;66,345
Manubrio de wolverijón;67,418
Pelo de tejestia;67,418
Tejido de nocturnejón;67,418
Oreja de tejaiss;67,418
Cola de tejonom;67,418
Vómer de golosorubik;67,418
Esencia del Roble Blando;69,3103
Ámbar de Roble Blando;69,5983
Ojo de pyrojón;69,7033
Piel de Skonk;71,0877
Cola de Jalamut Real;71,0877
Cuerno quemado del Minotauroro;71,6346
Esencia del Jalamut Real;72,0967
Esencia de Skonk;72,0967
Esencia de Fraktal;72,0967
Gancho oxidado;72,5
Llave de la plataforma de Ush;73,1618
Sangre de calcinado;73,8851
Fragmento del mapa de Jalalut 1/5;74,5
Fragmento del mapa de Jalalut 2/5;74,5
Fragmento del mapa de Jalalut 3/5;74,5
Fragmento del mapa de Jalalut 4/5;74,5
Llave del Túmulo del Largo Sueño;74,6646
Fragmento de pepita de Kéfriho;74,8383
Iris de golosote;75
Lana de golornado;75
Tejido de golourmet;75
Ala de golosojorro;75
Calcáneo de golosimiel;75
Trama dimensional;75
Botella de Botsgüena;75
Pluma de Miseria;75
Cerrojo de Servidumbre;75
Gorro de Guerra;75
Pelos de barba de Martilloseco;75
Mango de rascador;75,9947
Llave del Hipogeo del Obsidiantre;76,6449
Llave del Roca Negra;80,8718
Gigantesca piedra de alma especial;81,5123
Cuerno de Corrupción;81,8933
Símbolo de los obscuranti;82,9305
Chicha sanguinolenta;84,1463
Bigote de Klim;84,375
Vello de la axila de Mizz Frizz;84,375
Bordado de Nileza;84,375
Lana de Sylargh;84,375
Omoplato del conde Kontatrás;84,375
Cuerno de Grasmera;84,375
Barba de Merkator;84,375
Joya de la corona del Rey Nidas;84,375
Bordado de la Reina de los Ladrones;84,375
Núcleo de Protozorror;84,375
Ala de Vórtex;84,375
Dado de Miauvizor;84,375
Pelo de Meno;84,375
Dentadura de Dientinea;84,375
Ala de Larva de Kutulú;84,375
Mechón de pelo de Tal Kasha;84,375
Pincho de Anerice;84,375
Pluma de Ilyzaelle;84,375
Cola de Bethel Akarna;84,375
Hombrera de Dazahk Martillelo;84,375
Bordado de la Sacerdotisa de Kao;84,375
Escama de Torkelonia;84,375
Cetro roto de Kabaal;84,375
Máscara pesadillesca del Conflicto Eterno;84,375
Pintalabios de Belladona;84,375
Garra de la Despedazadora;84,375
Crin del Venerable Durmiente;84,375
Fuego sagrado de Gargandias;84,375
Piedra de alma especial grande;84,694
Pócima de sesamobolizante;85,8462
Llave de la Gruta de Kanígrula;86,6989
Fragmento del mapa de Ali Grothor 1/5;87
Fragmento del mapa de Ali Grothor 2/5;87
Fragmento del mapa de Ali Grothor 3/5;87
Fragmento del mapa de Panterrosa 4/5;87
Fragmento del mapa de Panterrosa 3/5;87
Fragmento del mapa de Panterrosa 2/5;87
Fragmento del mapa de Panterrosa 1/5;87
Fragmento del mapa de Elpin Güino 1/5;87
Fragmento del mapa de Elpin Güino 2/5;87
Fragmento del mapa de Elpin Güino 3/5;87
Fragmento del mapa de Elpin Güino 4/5;87
Fragmento del mapa de Elpin Güino 5/5;87
Llave de la Canopea del Kimbo;87,7065
Esencia de Nagate;87,8787
Huevo de Thor Pestruz;89,876
Estrella dorada de El Piko;89,876
Esencia de Tanukui San;90
Esencia de Thor Pestruz;90
Esencia del Capitán Eskarlata;90
Esencia de El Piko;90
Llave de la Tumba del Shogun Tofugawa;91,4158
Tejido remendón;92,5318
Llave del Puesto de Control del Bzupervibzor;95,2121
Disolvente fosforescente;97,0654
Calzones del revés de rey stropajo;97,29
Mango de knut;97,5
Sierra de hielo;98,4378
Tejido misterioso;100
Elixir de Brumen;100
Chicha podrida;100,2798
Fragmento del mapa de Katigrú 1/5;100,5
Fragmento del mapa de Katigrú 2/5;100,5
Fragmento del mapa de Katigrú 3/5;100,5
Fragmento del mapa de Katigrú 4/5;100,5
Fragmento del mapa de Katigrú 5/5;100,5
Calzoncillo de cuereñor;101,25
Tejido de cuerubugui;101,25
Cerebro de cuerchinbol;101,25
Corazón de cuerastro;101,25
Diente de cuerola;101,25
Muela de barrilicoso;101,25
Etmoides de estalarkmis;101,25
Martillo de dantartánico;101,25
Cerebro de hielathos;101,25
Bigote de portoskarcha;101,25
Muela de nessil;101,25
Crines de xakal;101,25
Pico de dodoxal;101,25
Caparazón de termístikal;101,25
Sépalo de droseral;101,25
Garra de kanitómata;101,25
Cola de brikolosote;101,25
Esternón de güinórdido;101,25
Oreja de mecanélifux;101,25
Pedúnculo de cortinánico;101,25
Pico de bubobubo;101,25
Pico de estrígido;101,25
Pluma de kukoloide;101,25
Cola de buhotofu;101,25
Pico de nocturlabiúho;101,25
Pinza de machangrejo;101,25
Aceite de pikoleto;101,25
Ojo de arpo;101,25
Bordado de dedstraik;101,25
Calcetín de ciclofandra;101,25
Sal de ballena;101,25
Parásito acuático;101,25
Piedra angular;101,25
Escarabajo crisonefritino;101,25
Ghulóbulo rojo;101,25
Quemaalmas encapsulado;101,25
Valva de sumergido;101,25
Jarra de cerveza;101,25
Roca kao rota;101,25
Ojo de cocodrail albino;101,25
Pico de devastador;101,25
Flor de los protectores;101,25
Cera de Cire Momore;101,25
Peine de rhoarim;101,25
Enrulado de leonisa;101,25
Trenza de domatadora;101,25
Flequillo de felifiera;101,25
Piel de raribívoro;101,25
Cuerno de giráfaro;101,25
Cuerno de antilonejo;101,25
Colmillo de brutapir;101,25
Frente huesuda de hiperpótamo;101,25
Cuerno de anfibuco;101,25
Tierra estéril;103,4042
Collar de esclavo;103,4042
Hoja cortante;103,4042
Esencia del Tofu Real;103,9534
Gérmenes corrompidos;104,0077
Rascador para la espalda inacabado;105,6615
Aguamarina;105,701
Cubo de pinzas para la ropa;106,425
Llave de la Guarida Gélifux;109,6904
Ganzúa;111,3821
Esencia del Tynril;111,6666
Esencia del Morsagüino Real;111,6666
Piel de trithón;111,7241
Esencia de Funoroshi;112,0817
Ámbar de Tynril;113,1756
Huevo de Morsagüino Real;113,1756
Llave del Relojarium de XLII;113,7805
Fragmento del mapa de Zatoïshwan 1/5;115
Fragmento del mapa de Zatoïshwan 2/5;115
Fragmento del mapa de Zatoïshwan 3/5;115
Fragmento del mapa de Zatoïshwan 4/5;115
Fragmento del mapa de Phantomeyt 1/5;115
Fragmento del mapa de Phantomeyt 2/5;115
Fragmento del mapa de Phantomeyt 3/5;115
Fragmento del mapa de Phantomeyt 4/5;115
Máscara de protección;116,5411
Apéndice demoníaco;119,1176
Chicha fresca;119,7247
Llave de la Casa de los Espíritus;120,1115
Llave de las Tripas de Anelidón;121,4009
Mapa de Brumen;123
Llave de la Cueva de Toxoliat;123,9862
Guijarro lunar;125
Llave del panteón del rey Leorictus;125,801
Correas de knut;130,0482
Runa Al;130,05
Fragmento del mapa de Nataka 1/5;130,5
Fragmento del mapa de Nataka 2/5;130,5
Fragmento del mapa de Nataka 3/5;130,5
Fragmento del mapa de Nataka 4/5;130,5
Fragmento del mapa de Nataka 5/5;130,5
Fragmento del mapa de la Vengadora Enmascarada 1/5;130,5
Fragmento del mapa de la Vengadora Enmascarada 2/5;130,5
Fragmento del mapa de la Vengadora Enmascarada 3/5;130,5
Puntas de knut;132,4166
Llave del antro del Cil;135,0441
Huevo inerte;136,2
Artefacto pandawushu;136,9362
Fragmento del mapa de Ali Grothor 4/5;139,2
Llave de la Cueva de Bworker;141,1323
Tejido de Sfinter Cell;142,3267
Omóplato de Ben el Ripata;142,3267
Bezoar ardiente de Grozilla;142,3267
Empuñadura de katana;142,9363
Esencia de Ben el Ripata;143,75
Esencia de Sfinter Cell;143,75
Esencia de Perfósil;143,75
Esencia de Hell Mina;143,75
Fragmento del mapa de Phantomeyt 5/5;143,75
Diacrítico del rey Imagami;144,6428
Diacrítico de la reina Amirukam;144,6428
Fragmento del mapa de YeCh'Ti 1/5;147
Fragmento del mapa de YeCh'Ti 2/5;147
Fragmento del mapa de YeCh'Ti 3/5;147
Fragmento del mapa de YeCh'Ti 4/5;147
Fragmento del mapa de Jalalut 5/5;149
Orbe regenerativo mayor;150
Llave del Altar de la Despedazadora;153,09
Diente de cascasaurio;155,625
Jugo de pescado asfixiante;157,4245
Llave de la Cueva de Nawidad;159,9388
Ámbar gris;160
Grabado de chispa;160,7156
Grabado de corriente de aire;160,7156
Grabado de llovizna;160,7156
Grabado de sacudida;160,7156
Pócima de chispa;161,8357
Pócima de llovizna;161,8357
Pócima de corriente de aire;161,8357
Pócima de sacudida;161,8357
Fragmento del mapa de Dremoan 1/5;164,5
Fragmento del mapa de Dremoan 2/5;164,5
Fragmento del mapa de Dremoan 3/5;164,5
Fragmento del mapa de Dremoan 4/5;164,5
Fragmento del mapa del Guerrero del Kaos 1/5;164,5
Fragmento del mapa del Guerrero del Kaos 2/5;164,5
Fragmento del mapa del Guerrero del Kaos 3/5;164,5
Fragmento del mapa del Guerrero del Kaos 4/5;164,5
Fragmento del mapa del Guerrero del Kaos 5/5;164,5
Llave del Templo del Gran Ugah;167,8632
Enorme piedra de alma especial;173,6064
Fragmento del mapa de Ali Grothor 5/5;174
Fragmento del mapa de Panterrosa 5/5;174
Esencia del Kimbo;177,9545
Esencia del Minotot;177,9545
Esencia del Obsidiantre;177,9545
Esencia de Kanígrula;177,9545
Esencia de Ush;177,9545
Esencia del shogun Tofugawa;177,9545
Pezuña de Minotot;179,2582
Calcetín del Kimbo;179,2582
Vértebra de Obsidiantre;179,2582
Cola de Kanígrula;179,2582
Fragmento del mapa de Fuji Gélifux 1/5;183
Fragmento del mapa de Fuji Gélifux 2/5;183
Fragmento del mapa de Fuji Gélifux 3/5;183
Fragmento del mapa de Fuji Gélifux 4/5;183
Fragmento del mapa de Tejash 1/5;183
Fragmento del mapa de Tejash 2/5;183
Fragmento del mapa de Tejash 3/5;183
Fragmento del mapa de Tejash 4/5;183
Fragmento del mapa de Tejash 5/5;183
Fragmento del mapa del doctor Eggob 1/5;183
Fragmento del mapa del doctor Eggob 2/5;183
Fragmento del mapa del doctor Eggob 3/5;183
Fragmento del mapa del doctor Eggob 4/5;183
Fragmento del mapa del doctor Eggob 5/5;183
Fragmento del mapa de Huini Golosote 1/5;183
Fragmento del mapa de Huini Golosote 2/5;183
Fragmento del mapa de Huini Golosote 3/5;183
Fragmento del mapa de Huini Golosote 4/5;183
Llave de la mina de Kéfriho;183,1166
Llave del Campamento del Conde Razof;187,753
Llave del Bastión de los Martilloseco;187,753
Fragmento del mapa de la Vengadora Enmascarada 4/5;200,7692
Fragmento del mapa de la Vengadora Enmascarada 5/5;200,7692
Fragmento del mapa de Huini Golosote 5/5;202,5
Llave del reto de Miauvizor;204,12
Pétalo de tinta;205,0056
Pétalo de papel;205,7412
Llave del Palacio del Rey Nidas;206,6929
Llave de las Cavernas de Tejossus;207,078
Llave del Trono de la Corte Tenebrosa;209,6708
Llave de la Pirámide de Sombra;210,2761
Tabla valepató;219
Llave de la Antecámara de los Golosotes;219,528
Esencia de Shihan y Hanshi;223,3333
Cuero de Tengu Gélifux;226,8518
Llave de la Nave del Capitán Meno;226,875
Llave del Templo de Kutulú;226,875
Caparazón del Bzupervibzor;229,6874
Fragmento del mapa de Zatoïshwan 5/5;230
Esencia de Tengu Gélifux;232,1052
Esencia de XLII;232,1052
Esencia de Anelidón;232,1052
Esencia de Kumijo;232,1052
Llave del Palacio de Dientinea;232,6921
Chicha cruda;237,2611
Llave del Ojo de Vórtex;244,215
Guijarro rutilante;250
Fragmento del mapa de Lonyon 1/8;253,1249
Fragmento del mapa de Lonyon 2/8;253,1249
Fragmento del mapa de Lonyon 3/8;253,1249
Fragmento del mapa de Lonyon 4/8;253,1249
Fragmento del mapa de Lonyon 5/8;253,1249
Fragmento del mapa de Lonyon 6/8;253,1249
Fragmento del mapa de Lonyon 7/8;253,1249
Fragmento del mapa de Lonyon 8/8;253,1249
Fragmento del mapa de Hiperescampo 8/8;253,1249
Fragmento del mapa de Hiperescampo 7/8;253,1249
Fragmento del mapa de Hiperescampo 6/8;253,1249
Fragmento del mapa de Hiperescampo 5/8;253,1249
Fragmento del mapa de Hiperescampo 4/8;253,1249
Fragmento del mapa de Hiperescampo 3/8;253,1249
Fragmento del mapa de Hiperescampo 2/8;253,1249
Fragmento del mapa de Hiperescampo 1/8;253,1249
Fragmento del mapa de Kongoku 1/8;253,1249
Fragmento del mapa de Kongoku 2/8;253,1249
Fragmento del mapa de Kongoku 3/8;253,1249
Fragmento del mapa de Kongoku 4/8;253,1249
Fragmento del mapa de Kongoku 5/8;253,1249
Fragmento del mapa de Kongoku 6/8;253,1249
Fragmento del mapa de Kongoku 7/8;253,1249
Fragmento del mapa de Kongoku 8/8;253,1249
Fragmento del mapa de Dambeldoro 1/8;253,1249
Fragmento del mapa de Dambeldoro 2/8;253,1249
Fragmento del mapa de Dambeldoro 3/8;253,1249
Fragmento del mapa de Dambeldoro 4/8;253,1249
Fragmento del mapa de Dambeldoro 5/8;253,1249
Fragmento del mapa de Dambeldoro 6/8;253,1249
Fragmento del mapa de Dambeldoro 7/8;253,1249
Fragmento del mapa de Dambeldoro 8/8;253,1249
Fragmento de carta de Atcham 1/8;253,1249
Fragmento de carta de Atcham 2/8;253,1249
Fragmento de carta de Atcham 3/8;253,1249
Fragmento de carta de Atcham 4/8;253,1249
Fragmento de carta de Atcham 5/8;253,1249
Fragmento de carta de Atcham 6/8;253,1249
Fragmento de carta de Atcham 7/8;253,1249
Fragmento de carta de Atcham 8/8;253,1249
Fragmento del mapa del Caballero de Hielo 1/8;253,1249
Fragmento del mapa del Caballero de Hielo 2/8;253,1249
Fragmento del mapa del Caballero de Hielo 3/8;253,1249
Fragmento del mapa del Caballero de Hielo 4/8;253,1249
Fragmento del mapa del Caballero de Hielo 5/8;253,1249
Fragmento del mapa del Caballero de Hielo 6/8;253,1249
Fragmento del mapa del Caballero de Hielo 7/8;253,1249
Fragmento del mapa del Caballero de Hielo 8/8;253,1249
Fragmento del mapa de Tentenhuevo 1/8;253,1249
Fragmento del mapa de Tentenhuevo 2/8;253,1249
Fragmento del mapa de Tentenhuevo 3/8;253,1249
Fragmento del mapa de Tentenhuevo 4/8;253,1249
Fragmento del mapa de Tentenhuevo 5/8;253,1249
Fragmento del mapa de Tentenhuevo 6/8;253,1249
Fragmento del mapa de Tentenhuevo 7/8;253,1249
Fragmento del mapa de Tentenhuevo 8/8;253,1249
Fragmento del mapa de Golosorak 1/8;253,1249
Fragmento del mapa de Golosorak 2/8;253,1249
Fragmento del mapa de Golosorak 3/8;253,1249
Fragmento del mapa de Golosorak 4/8;253,1249
Fragmento del mapa de Golosorak 5/8;253,1249
Fragmento del mapa de Golosorak 6/8;253,1249
Fragmento del mapa de Golosorak 7/8;253,1249
Fragmento del mapa de Golosorak 8/8;253,1249
Fragmento del mapa de Mecanimut 1/8;253,1249
Fragmento del mapa de Mecanimut 2/8;253,1249
Fragmento del mapa de Mecanimut 3/8;253,1249
Fragmento del mapa de Mecanimut 4/8;253,1249
Fragmento del mapa de Mecanimut 5/8;253,1249
Fragmento del mapa de Mecanimut 6/8;253,1249
Fragmento del mapa de Mecanimut 7/8;253,1249
Fragmento del mapa de Mecanimut 8/8;253,1249
Fragmento del mapa de Psikopomzopato 1/8;253,1249
Fragmento del mapa de Psikopomzopato 2/8;253,1249
Fragmento del mapa de Psikopomzopato 3/8;253,1249
Fragmento del mapa de Psikopomzopato 4/8;253,1249
Fragmento del mapa de Psikopomzopato 5/8;253,1249
Fragmento del mapa de Psikopomzopato 6/8;253,1249
Fragmento del mapa de Psikopomzopato 7/8;253,1249
Fragmento del mapa de Psikopomzopato 8/8;253,1249
Llave del Coto del Venerable;253,935
Llave de la Forjafría de Mizz Frizz;254,1991
Llave del Transportador de Sylargh;254,1991
Llave de la Sala Privada de Klim;254,1991
Llave del Laboratorio de Nileza;254,1991
Llave de la Mazmorra del Conde Kontatrás;254,1991
Llave del Acuadomo de Merkator;254,1991
Llave del Vientre de la Ballena;254,1991
Llave de la Cervecería del rey Dazahk;254,1991
Llave de las Cadenas de la Tiranía;254,1991
Llave del Trono de Sangre;254,1991
Llave de la sentencia de la Balanza;254,1991
Llave de la Tormenta del Selocalipsis;254,1991
Llave del Árbol de Muerte;254,6041
Guantes de protección;257,4746
Esencia del Kralamar Gigante;276,1363
Tinta de kralamar gigante;278,1593
Flor de cenipiedra;280,7474
Llave de la Casa de Chanta Klaus;286,5106
Fragmento de Ugahlureta;289,6126
Piel de Bworker;289,6126
Ojo de Cil;289,6126
Esencia del Cil;290,2941
Esencia de Bworker;290,2941
Esencia de Ugah;290,2941
Esencia de Toxoliat;290,2941
Fragmento del mapa de YeCh'Ti 5/5;294
Llave de la Cámara de Tal Kasha;297,9841
Llave de la Mansión de Kuatropatas;297,9841
Llave del Mirador de Ilyzaelle;297,9841
Llave de la torre de Bethel;297,9841
Llave del Templo del Dios Kao;297,9841
Llave del Santuario de Torkelonia;297,9841
Llave de la Batalla de la Aurora Púrpura;297,9841
Llave de la Cámara de los Maleficios;297,9841
Concentrado astral;300
Chicha marmoleada;300,5181
Llave de la torre de Solar;302,5864
Pez espadón quijote;305
Fragmento del mapa de Dremoan 5/5;329
Hoja de katana;335,4375
Bucle temporal;337,5
Bucle intemporal;337,5
Corazón de Cire Momore;337,5
Llave del ritual de Kabaal;338,4841
Esencia de Tejossus;366
Esencia de Fuji Gélifux Nodriza;366
Esencia de Esmígol;366
Esencia del Golosotrón Real;366
Esencia de Sombra;366
Esencia del conde Razof;366
Esencia de Demena Decobre;366
Fragmento del mapa de Fuji Gélifux 5/5;366
Esquirla temporal;375
Cóndilo de Fuji Gélifux;375
Tejido de Tejossus;375
Hueso del carpo de Golosotrón Real;375
Esencia de Solar;377,7202
Chicha macerada;377,99
Raíz cristalizada;400
Tuerca nueva;400
Cremallera;400
Hongos micosianos congelados;400
Ojo de cristal;400
Runa Ga PM;405
Llave del Recuerdo de Imagiro;405,8007
Llave de la Memoria de Orukam;416,4512
Sello silvestre;430
Orbe regenerativo magistral;450
Esencia de Guerra;450
Esencia de Miseria;450
Esencia de Servidumbre;450
Chicha de animales silvestres;475,2065
Esencia de Corrupción;491,3602
Saco de magma de Grasmera;496,3235
Runa Ga PA;500
Huevo de Ali Grothor;500
Fragmento de rubí fértil;500
Galleta enriquecida;500
Pócima de incendio;502,1103
Pócima de tsunami;502,1103
Pócima de huracán;502,1103
Grabado de tsunami;505,7902
Grabado de incendio;505,7902
Grabado de huracán;505,7902
Cuero cabelludo de Klim;506,25
Bragas de Mizz Frizz;506,25
Bragueta de Nileza;506,25
Incisivo de Sylargh;506,25
Venda del conde Kontatrás;506,25
Esencia de Mizz Frizz;506,25
Esencia de Sylargh;506,25
Esencia de Klim;506,25
Esencia de Nileza;506,25
Esencia del conde Kontatrás;506,25
Esencia de Merkator;506,25
Corazón de Merkator;506,25
Esencia del Rey Nidas;506,25
Esencia de la Reina de los Ladrones;506,25
Esencia de Protozorror;506,25
Esencia de Vórtex;506,25
Esencia de Miauvizor;506,25
Esencia de Bethel Akarna;506,25
Esencia de Meno;506,25
Esencia de Ilyzaelle;506,25
Esencia de Dientinea;506,25
Esencia de la Larva de Kutulú;506,25
Esencia de Anerice la Fab'huquesa;506,25
Esencia de Dazahk Martillelo;506,25
Esencia de Tal Kasha;506,25
Esencia de Torkelonia;506,25
Esencia de Kabaal;506,25
Esencia del Conflicto Eterno;506,25
Esencia de Belladona;506,25
Melena de la Despedazadora;506,25
Cuerno del Venerable Durmiente;506,25
Pócima de seísmo;512,3738
Grabado de seísmo;516,0537
Pelos de Zatoïshwan;550
Cuero nico;600
Cuero cabelludo de Nataka;620
Guijarro solar;625
Marca de los grandes fondos;640
Steambomba;640
Hélice de latón;640
Plomos de buceo;640
Filtro de canguelo;640
Zócalo en forma de valva;640
Mapa de Elpin Güino;652,5
Mapa de Jalalut;670,5
Jugo de pescado pestilente;670,9251
Corazón helado;750
Aleación gelada;750
Esporma de Dremoan;750
Mapa de Katigrú;753,75
Mapa de Panterrosa;783
Hombrera maciza de Kaos;800
Chicha magra;800,3629
Mapa de Ali Grothor;861,3
Esencia del rey Imagami;867,8571
Esencia de la reina Amirukam;867,8571
Jugo de pescado mefistofélico;894,6946
Leyenda de Brumario;900
Leyenda de Oto Mustam;900
Leyenda del espejo;900
Leyenda de Meriana;900
Leyenda de Menalt;900
Leyenda de Thanatena;900
Leyenda de Helsefina;900
Leyenda de Henual;900
Mapa de Phantomeyt;905,6249
Chicha viciada;967,647
Mapa de Nataka;978,75
Raíz de laboratorio;1000
Cuero sintético;1000
Antigua cabeza de martillo;1000
Insignia de los justicieros;1000
Bita de amarre;1000
Botella de Lonyon;1000
Batería recargable de hiperescampo;1000
Pie de Dambeldoro;1000
Piel del Gran Kongoku;1000
Mapa de Zatoïshwan;1035
Mapa de la Vengadora Enmascarada;1189,5577
Mapa del Guerrero del Kaos;1233,75
Guijarro reluciente;1250
Chicha negra;1253,4246
Mapa de YeCh'Ti;1323
Mapa de Tejash;1372,5
Mapa del doctor Eggob;1372,5
Mapa de Huini Golosote;1401,75
Leyenda de Bram Barbamundo;1420
Mapa de Dremoan;1480,5
Chicha sabrosa;1569,389
Mapa de Fuji Gélifux;1647
Máscara de Sag;1826,4239
Nanogrina;1875,9393
Leyenda de Cocobur;1950
Leyenda del Burlador de la Muerte;2480
Guijarro brasa;2500
Leyenda de la señorita Jhessica;3000
Mapa de Lonyon;3037,5
Mapa de Hiperescampo;3037,5
Mapa de Kongoku;3037,5
Mapa de Dambeldoro;3037,5
Mapa de Atcham;3037,5
Mapa del Caballero de Hielo;3037,5
Mapa de Tentenhuevo;3037,5
Mapa de Golosorak;3037,5
Mapa de Mecanimut;3037,5
Mapa de Psikopomzopato;3037,5
Leyenda de Mil Leguas;3530
Reliquia de bebemot;3681,8181
Leyenda de Dodge;4060
Leyenda de Fallanster;4580
Volante hidráulico;4974,375
Estatuilla de Snedon;4974,375
Piezas de módulo;5000
Leyenda del Culo Pateado;5110
Lastre antirremolinos;5131,487
Leyenda del destino;5640
Cristal temporal;5739,3787
Cristal intemporal;5739,3787
Sello de los fundadores;5746,875
Atrapamiedos;5746,875
Acelerador de propulsión;5892,3039
Leyenda de Rykke Errel;6160
Leyenda de Amayiro;6160
Leyenda de Buhorado;6690
Leyenda de Miseria;6690
Leyenda de Guerra;6690
Leyenda de Servidumbre;6690
Leyenda de Corrupción;6690
Leyenda de Jahash Jurgen;7220
Leyenda de Ganymed;7750
Reflejo de bebemot;7932,121
Lentes del Gran Maestro Cronometrador;7952,6894
Croqueta impregnada de arakna;13619,2862
Croqueta impregnada de tofona;13621,8004
Croqueta impregnada de bloponcio;13622,9132
Croqueta impregnada de jalalínea;13623,8172
Croqueta impregnada de bwak;13624,1305
Croqueta impregnada de pío;13624,5127
Croqueta impregnada de nujo;13624,6458
Croqueta impregnada de thorondeoro;13625,893
Croqueta impregnada de cascasaurio;13625,9366
Croqueta impregnada de crujidor;13628,8122
Croqueta impregnada de chafer;13631,2063
Croqueta impregnada de champo;13632,0679
Croqueta impregnada dodoncella;13632,9243
Croqueta impregnada de scorbuto;13633,4575
Croqueta impregnada de escarahoja;13634,4841
Croqueta impregnada de yenaparda;13641,7619
Croqueta impregnada de bwork;13646,8872
Croqueta impregnada de wabbit;13649,6859
Croqueta impregnada de koalak;13657,9932
Croqueta impregnada de sacurador;13660,268
Croqueta impregnada de moskito;13666,4415
Croqueta impregnada de pandora;13667,518
Croqueta impregnada de bambuto;13672,1062
Croqueta impregnada de abráknido;13675,8362
Croqueta impregnada de trool;13684,047
Croqueta impregnada de pestruz;13688,638
Croqueta impregnada de pekegüino;13700,5368
Croqueta impregnada de milubo;13734,525
Croqueta impregnada de dragohuevo;13763,1716
Croqueta impregnada de kanig;13783,7339
Croqueta impregnada de kitsu;13886,1461
Croqueta impregnada de kozaru;13956,045
Cristal inhibidor;20000
